{"accuracy": {"DenseNet121": [0.7323192414065587, 0.7315290399051758, 0.7212564203871987, 0.7380482022915843, 0.7510865270644014, 0.73686290003951, 0.7463453180561043, 0.7425918609245358, 0.7315290399051758, 0.7427894112998815], "EfficientNetB2": [0.4427103911497432, 0.44784670090873174, 0.4855788225997629, 0.48617147372580005, 0.4340181746345318, 0.4926906361122086, 0.43480837613591466, 0.36704859739233503, 0.2712366653496642, 0.3721849071513236], "EfficientNetB3": [0.4632556301856974, 0.37139470564994076, 0.37139470564994076, 0.43224022125642036, 0.3393915448439352, 0.4668115369419202, 0.4298696167522718, 0.35203476886606083, 0.5043461082576057, 0.2388384037929672], "MobileNetV2": [0.6967601738443303, 0.703871987356776, 0.7016989332279732, 0.7220466218885816, 0.6910312129593046, 0.7022915843540103, 0.7099960489924931, 0.7129593046226788, 0.7028842354800474, 0.7078229948636903]}, "auc": {"DenseNet121": [0.9503751930405686, 0.9434918688594381, 0.9459667374654703, 0.9476084792899202, 0.952481448111928, 0.9492898524820131, 0.9485886896947738, 0.9480642259071043, 0.9478223998218177, 0.9484276343379542], "EfficientNetB2": [0.8296529213949149, 0.8207509785374443, 0.8448658636438181, 0.842556990110501, 0.828576687766363, 0.8474412910310856, 0.8154572573344053, 0.7854207065114084, 0.726042263556869, 0.7889007047612512], "EfficientNetB3": [0.8431776473873271, 0.7880646779673846, 0.7983211339651066, 0.8036775121440729, 0.7651070617682756, 0.843576065521052, 0.8366795233967139, 0.7778904389857242, 0.8564466126754251, 0.6860403700050508], "MobileNetV2": [0.9435603909428693, 0.9432196396303996, 0.9448934750823567, 0.9443368192330766, 0.9419115677799565, 0.9427437768512952, 0.9449190055325363, 0.9447320736196525, 0.9440080459712848, 0.9423284026090774]}, "jaccard": {"DenseNet121": [0.5886800849441676, 0.5884221444002068, 0.5751130060177843, 0.5966558602665506, 0.6132626075273642, 0.5984890629840294, 0.6051202889931604, 0.602896159300979, 0.5900314357087887, 0.6017944681413814], "EfficientNetB2": [0.2900864217910243, 0.28525602412794593, 0.31863838821645385, 0.3278055120209686, 0.27656491148709594, 0.3327616796173692, 0.2809586309968992, 0.213180014902267, 0.12791834919206657, 0.22451458100118565], "EfficientNetB3": [0.30646768728648244, 0.2250375761603117, 0.21737119759230875, 0.2778401074499275, 0.1961489179495691, 0.3100697774015863, 0.2764961365279768, 0.21287097402202948, 0.3417493631279109, 0.10799768090522129], "MobileNetV2": [0.5453390455391737, 0.5561598081215335, 0.552607801252475, 0.5783902764683874, 0.5397668562960678, 0.5516136701107128, 0.5613233901801655, 0.5656379775928554, 0.552975803102423, 0.5602105246238109]}, "f1": {"DenseNet121": [0.7348133400907596, 0.7314494143962627, 0.7223405355449037, 0.7401878126639799, 0.7536235418931618, 0.7409167765043333, 0.7471565592605446, 0.7432925674709445, 0.7344318943256447, 0.7430007789624296], "EfficientNetB2": [0.44385803443276756, 0.4387920068214275, 0.4787065348712232, 0.48628629005638097, 0.4282712201339507, 0.4934774663176698, 0.43618604034814623, 0.3458914176800607, 0.21867143448514897, 0.3632010593867347], "EfficientNetB3": [0.4663596987199727, 0.3639768424179826, 0.35268289016197274, 0.43007508599278477, 0.3201596845621999, 0.47005933228215535, 0.4308494109282788, 0.34744699202831003, 0.5055872102664479, 0.1889434502209825], "MobileNetV2": [0.7020896343945022, 0.7094352978934122, 0.7059543966030251, 0.7263068529963261, 0.6951360080655209, 0.7047120570117043, 0.7139731661850063, 0.7166100251534934, 0.7064204270219734, 0.7085882963154352]}}